Item,Item_URL,Gr,PriceReg,PriceSav,PriceOrange,Vendor,Index
Tabla quesos nacional x 6 porciones,/tabla-quesos-precio-por-6-porciones-nacional/p,"(gr a $ 545,58)","Precio Regular
$ 77.940","Ahorra
Precio Ahora
$ 54.558",$ 46.764,PLATOS PREPARADOS,39
Tapa Española La Factoría Gourmet x 120g,/tapa-espanola-la-factoria-gourmet-x-120g/p,"(gr a $ 220,44)","Precio Regular
$ 37.790","Ahorra
Precio Ahora
$ 26.453",$ 22.674,LA FACTORIA,39
Tapa la factoria gourmet espanola x150g,/tapa-la-factoria-gourmet-espanola-x150g/p,,"Precio Regular
$ 37.790","Ahorra
Precio Ahora
$ 26.453",$ 22.674,LA FACTORIA,39
Tapa la factoria gourmet espanola x250g,/tapa-la-factoria-gourmet-espanola-x250g/p,,"Precio Regular
$ 53.990","Ahorra
Precio Ahora
$ 37.793",$ 32.394,LA FACTORIA,39
Tapeo de chorizo la factoría gourmet x 120g,/tapeo-de-chorizo-la-factoria-gourmet-x-120g/p,"(gr a $ 128,86)","Precio Regular
$ 22.090","Ahorra
Precio Ahora
$ 15.463",$ 13.254,LA FACTORIA,39
Tocineta ahumada monari bologna Ulas x 250g,/tocineta-ahumada-monari-bologna-ulas-x-250g/p,"(gr a $ 24,89)","Precio Regular
$ 8.890","Ahorra
Precio Ahora
$ 6.223",$ 5.334,ULA´S,39
Tocineta ahumada picada Koller x 250g,/tocineta-ahumada-picada-koller-x-500g/p,"(gr a $ 52,84)","Precio Regular
$ 18.872,5","Ahorra
Precio Ahora
$ 13.210,5","$ 11.323,5",KOLLER,39
Tocineta ahumada premium di nardi x 250g,/tocineta-ahumada-premium-di-nardi-x-300g/p,"(gr a $ 63,13)","Precio Regular
$ 22.547,25","Ahorra
Precio Ahora
$ 15.783,25","$ 13.528,25",DINARDI,39
Tocineta ahumada tajada Koller x 200 g,/tocineta-ahumada-tajada-koller-x-200-g/p,"(gr a $ 58,59)","Precio Regular
$ 16.738","Ahorra
Precio Ahora
$ 11.717","$ 10.042,8",KOLLER,39
Tocineta al vacío x 250g colanta,/tocineta-al-vacio-x-250g-colanta/p,"(gr a $ 51,96)",,$ 12.990,,MONTEFRIO,39
Tocineta económica ahumada x125g,/tocineta-economica-ahumada-x-125g/p,,"Precio Regular
$ 7.590","Ahorra
Precio Ahora
$ 5.313",$ 4.554,CERVALLE,39
Tocineta Moncasa x 100g,/tocineta-moncasa-x100g/p,"(gr a $ 214,13)","Precio Regular
$ 30.590","Ahorra
Precio Ahora
$ 21.413",$ 18.354,MONCASA,39
Tocineta tajada ahumada parisiene x 300 g,/tocineta-tajada-ahumada-parisiene-x-300-g/p,,"Precio Regular
$ 23.756,7","Ahorra
Precio Ahora
$ 16.629,7","$ 14.253,9",CENCOSUD,40
Tocineta Vilaseca x 250g,/tocineta-x-250-g-vilaseca/p,"(gr a $ 89,57)","Precio Regular
$ 31.990","Ahorra
Precio Ahora
$ 22.393",$ 19.194,MARCA BLANCA,40
Tofu a la española x 250g Apetei,/tofu-apetei-a-la-espanola-x-250g/p,,"Precio Regular
$ 11.790","Ahorra
Precio Ahora
$ 8.253",$ 7.074,APETEI,40
Tofu a la italiana x 250g Apetei,/tofu-apetei-a-la-italiana-x-250g/p,,"Precio Regular
$ 11.790","Ahorra
Precio Ahora
$ 8.253",$ 7.074,APETEI,40
Tofu burger x2und x200g Apetei,/tofu-apetei-burger-x2und-x200g/p,,"Precio Regular
$ 10.290","Ahorra
Precio Ahora
$ 7.203",$ 6.174,APETEI,40
Tofu jalapeño x 250g Apetei,/tofu-apetei-jalapeno-x-250g/p,,"Precio Regular
$ 11.190","Ahorra
Precio Ahora
$ 7.833",$ 6.714,APETEI,40
Tofu natural x 250g Apetei,/tofu-apetei-natural-x-250g/p,,"Precio Regular
$ 10.990","Ahorra
Precio Ahora
$ 7.693",$ 6.594,APETEI,40
Tofu natural x 400g Apetei,/tofu-apetei-natural-x-400g/p,,"Precio Regular
$ 16.390","Ahorra
Precio Ahora
$ 11.473",$ 9.834,APETEI,40
Tofu sabor queso x 250g Apetei,/tofu-apetei-sabor-queso-x-250g/p,,"Precio Regular
$ 11.790","Ahorra
Precio Ahora
$ 8.253",$ 7.074,APETEI,40
Tofu verduras x 250g Apetei,/tofu-apetei-verduras-x-250g/p,,"Precio Regular
$ 11.790","Ahorra
Precio Ahora
$ 8.253",$ 7.074,APETEI,40
Tomate a la florentina Ulas x 250 g,/tomate-a-la-florentina-ulas-x-250-g/p,,"Precio Regular
$ 26.890","Ahorra
Precio Ahora
$ 18.823",$ 16.134,CENCOSUD,40
Tomate a la florentina Ulas x 500g,/tomate-a-la-florentina-ulas-x-500g/p,,"Precio Regular
$ 53.590","Ahorra
Precio Ahora
$ 37.513",$ 32.154,CENCOSUD,40
Tomates asados il Grilliatore x240g,/tomates-il-grilliatore-asados-x240g/p,,"Precio Regular
$ 30.990","Ahorra
Precio Ahora
$ 21.693",$ 18.594,IL GRILLIATORE,41
Tomates Cheika secos en aceite de oliva x 250g,/tomates-cheika-secos-en-aceite-de-oliva-x-250g/p,"(gr a $ 74,73)","Precio Regular
$ 26.690","Ahorra
Precio Ahora
$ 18.683",$ 16.014,ULA´S,41
Tomates La Factoria Gourmet secos x100g,/tomates-la-factoria-gourmet-secos-x100g-3463234/p,"(gr a $ 125,23)","Precio Regular
$ 17.890","Ahorra
Precio Ahora
$ 12.523",$ 10.734,LA FACTORIA GOURMET,41
Tomates la spezia secos albahaca oregano x220g,/tomates-la-spezia-secos-albahaca-oregano-x220g/p,(un a $ 12.593),"Precio Regular
$ 17.990","Ahorra
Precio Ahora
$ 12.593",$ 10.794,LA SPEZIA,41
Trufa negra appennino food verano rebanadas x50g,/trufa-negra-appennino-food-verano-rebanadas-x50g/p,,"Precio Regular
$ 103.990","Ahorra
Precio Ahora
$ 72.793",$ 62.394,APPENNINO FOOD,41
Zucchini il Grilliatore parrilla x240g,/zucchini-il-grilliatore-parrilla-x240g/p,,"Precio Regular
$ 30.990","Ahorra
Precio Ahora
$ 21.693",$ 18.594,IL GRILLIATORE,41
